{
  "ttfb": 475.89999997615814,
  "loadTime": 1198.300000011921,
  "domInteractive": 991.3000000119209,
  "inp": 0,
  "lcp": 0,
  "cls": 0
}